M22_REQUEST	d93ebaef2b9d13af216c4ce22f1ff19d1e612ab1137face6cdd3601e5b5179ae						
STUDY	DEMONSTRAÇÃO						
PARAM	lx_mm	12000					
PARAM	ly_mm	10000					
PARAM	height_mm	3000					
PARAM	xmin_mm	3000					
PARAM	xmax_mm	6000					
PARAM	ymin_mm	3000					
PARAM	ymax_mm	5000					
PARAM	smin_mm	1000					
PARAM	smax_mm	2000					
PARAM	g_floor_kpa	1					
PARAM	q_floor_kpa	1					
PARAM	hx_total_kn	0					
PARAM	E_mpa	200000					
PARAM	column_limit	400					
PARAM	primary_limit	350					
PARAM	secondary_limit	350					
SECTION	column	W 150 x 13,0	W	1660	6350000	13	
SECTION	primary	W 250 x 17,9	W	2310	22910000	17.9	
SECTION	secondary	W 150 x 13,0	W	1660	6350000	13	
COMB	DEMO_G_Q	ELS_RARA	1	1	1	1	
GEOM	1	2	2	3	SIM		
GEOM	2	2	2	4	SIM		
GEOM	3	2	2	5	SIM		
GEOM	4	2	2	6	SIM		
GEOM	5	2	3	3	SIM		
GEOM	6	2	3	4	SIM		
GEOM	7	2	3	5	SIM		
GEOM	8	2	3	6	SIM		
GEOM	9	3	2	2	SIM		
GEOM	10	3	2	3	SIM		
GEOM	11	3	2	4	SIM		
GEOM	12	3	3	2	SIM		
GEOM	13	3	3	3	SIM		
GEOM	14	3	3	4	SIM		
GEOM	15	4	2	2	SIM		
GEOM	16	4	2	3	SIM		
GEOM	17	4	3	2	SIM		
GEOM	18	4	3	3	SIM		
