M22_COMPLETE	7b50cd0c441142f1032574fc9a44553ca939e2fe5a27e52fb83da4f3c6f24889	002c55bd0113cb599c3018c5190a7481a3ef0a55a9c10543dc704f0f53ff910a	54
id	combination	family	component	signed_mm	limit_mm	eta	location	subtotal_kg	kg_m2	balance	horizontal_action
1	DEMO_G_Q	ELS_RARA	COLUNA_X	-0.0653054005270694	7.5	0.00870738673694259	frame=2,column=3	1905.4	15.8783333333333	2.25452205281468e-16	ZERO_EXPLICITO
1	DEMO_G_Q	ELS_RARA	PRINCIPAL	-12.8067385255355	17.1428571428571	0.747059747322901	frame=2,bay=2,x_mm=9330.7467	1905.4	15.8783333333333	2.25452205281468e-16	ZERO_EXPLICITO
1	DEMO_G_Q	ELS_RARA	SECUNDARIA	-35.40075012996	14.2857142857143	2.4780525090972	line=2,y_bay=2,x_mm=2000,y_mm=7386.0092	1905.4	15.8783333333333	2.25452205281468e-16	ZERO_EXPLICITO
2	DEMO_G_Q	ELS_RARA	COLUNA_X	-0.0694788449639479	7.5	0.00926384599519306	frame=2,column=3	2165.4	18.045	1.11896999082167e-16	ZERO_EXPLICITO
2	DEMO_G_Q	ELS_RARA	PRINCIPAL	-13.2639858129777	17.1428571428571	0.773732505757031	frame=2,bay=2,x_mm=9306.4926	2165.4	18.045	1.11896999082167e-16	ZERO_EXPLICITO
2	DEMO_G_Q	ELS_RARA	SECUNDARIA	-29.9812421087763	14.2857142857143	2.09868694761434	line=7,y_bay=1,x_mm=9000,y_mm=2666.7694	2165.4	18.045	1.11896999082167e-16	ZERO_EXPLICITO
3	DEMO_G_Q	ELS_RARA	COLUNA_X	0.0718173417904068	7.5	0.00957564557205424	frame=2,column=1	2425.4	20.2116666666667	2.21979191050765e-16	ZERO_EXPLICITO
3	DEMO_G_Q	ELS_RARA	PRINCIPAL	-13.5277917943207	17.1428571428571	0.789121188002044	frame=2,bay=1,x_mm=2668.2485	2425.4	20.2116666666667	2.21979191050765e-16	ZERO_EXPLICITO
3	DEMO_G_Q	ELS_RARA	SECUNDARIA	-26.4039355278503	14.2857142857143	1.84827548694952	line=3,y_bay=1,x_mm=2400,y_mm=2711.5721	2425.4	20.2116666666667	2.21979191050765e-16	ZERO_EXPLICITO
4	DEMO_G_Q	ELS_RARA	COLUNA_X	0.0734309599541551	7.5	0.00979079466055401	frame=2,column=1	2685.4	22.3783333333333	6.56540881690724e-16	ZERO_EXPLICITO
4	DEMO_G_Q	ELS_RARA	PRINCIPAL	-13.7314346875794	17.1428571428571	0.801000356775468	frame=2,bay=1,x_mm=2674.7933	2685.4	22.3783333333333	6.56540881690724e-16	ZERO_EXPLICITO
4	DEMO_G_Q	ELS_RARA	SECUNDARIA	-23.9630600244591	14.2857142857143	1.67741420171214	line=4,y_bay=1,x_mm=3000,y_mm=2754.0334	2685.4	22.3783333333333	6.56540881690724e-16	ZERO_EXPLICITO
5	DEMO_G_Q	ELS_RARA	COLUNA_X	-0.0439454096280076	7.5	0.00585938795040101	frame=2,column=3	2237.2	18.6433333333333	2.23037070282213e-16	ZERO_EXPLICITO
5	DEMO_G_Q	ELS_RARA	PRINCIPAL	-8.61355364712365	17.1428571428571	0.502457296082213	frame=2,bay=1,x_mm=2669.2147	2237.2	18.6433333333333	2.23037070282213e-16	ZERO_EXPLICITO
5	DEMO_G_Q	ELS_RARA	SECUNDARIA	-13.1466501343155	9.52380952380952	1.38039826410313	line=2,y_bay=2,x_mm=2000,y_mm=5000	2237.2	18.6433333333333	2.23037070282213e-16	ZERO_EXPLICITO
6	DEMO_G_Q	ELS_RARA	COLUNA_X	-0.0467277059192576	7.5	0.00623036078923435	frame=2,column=3	2497.2	20.81	2.21207907453185e-16	ZERO_EXPLICITO
6	DEMO_G_Q	ELS_RARA	PRINCIPAL	-8.9183746494553	17.1428571428571	0.520238521218226	frame=2,bay=1,x_mm=2693.2691	2497.2	20.81	2.21207907453185e-16	ZERO_EXPLICITO
6	DEMO_G_Q	ELS_RARA	SECUNDARIA	-12.7246061987084	9.52380952380952	1.33608365086438	line=3,y_bay=2,x_mm=3000,y_mm=5000	2497.2	20.81	2.21207907453185e-16	ZERO_EXPLICITO
7	DEMO_G_Q	ELS_RARA	COLUNA_X	0.0482867038035662	7.5	0.00643822717380883	frame=2,column=1	2757.2	22.9766666666667	8.72004294720537e-16	ZERO_EXPLICITO
7	DEMO_G_Q	ELS_RARA	PRINCIPAL	-9.09425592608329	17.1428571428571	0.530498262354859	frame=2,bay=1,x_mm=2668.2217	2757.2	22.9766666666667	8.72004294720537e-16	ZERO_EXPLICITO
7	DEMO_G_Q	ELS_RARA	SECUNDARIA	-12.1746734203477	9.52380952380952	1.27834070913651	line=3,y_bay=2,x_mm=2400,y_mm=5000	2757.2	22.9766666666667	8.72004294720537e-16	ZERO_EXPLICITO
8	DEMO_G_Q	ELS_RARA	COLUNA_X	-0.0493624492460544	7.5	0.00658165989947391	frame=2,column=3	3017.2	25.1433333333333	1.07994527053164e-15	ZERO_EXPLICITO
8	DEMO_G_Q	ELS_RARA	PRINCIPAL	-9.23001672353801	17.1428571428571	0.538417642206384	frame=2,bay=1,x_mm=2674.7127	3017.2	25.1433333333333	1.07994527053164e-15	ZERO_EXPLICITO
8	DEMO_G_Q	ELS_RARA	SECUNDARIA	-11.7507998473692	9.52380952380952	1.23383398397376	line=4,y_bay=2,x_mm=3000,y_mm=5000	3017.2	25.1433333333333	1.07994527053164e-15	ZERO_EXPLICITO
9	DEMO_G_Q	ELS_RARA	COLUNA_X	-0.0192154967876006	7.5	0.00256206623834674	frame=2,column=4	2022.4	16.8533333333333	1.12023439789427e-16	ZERO_EXPLICITO
9	DEMO_G_Q	ELS_RARA	PRINCIPAL	-3.01984470349547	11.4285714285714	0.264236411555854	frame=2,bay=1,x_mm=1900.5667	2022.4	16.8533333333333	1.12023439789427e-16	ZERO_EXPLICITO
9	DEMO_G_Q	ELS_RARA	SECUNDARIA	-28.7220241830174	14.2857142857143	2.01054169281122	line=2,y_bay=2,x_mm=2000,y_mm=7470.9741	2022.4	16.8533333333333	1.12023439789427e-16	ZERO_EXPLICITO
10	DEMO_G_Q	ELS_RARA	COLUNA_X	0.0229385049527097	7.5	0.00305846732702796	frame=2,column=1	2412.4	20.1033333333333	9.48620781645511e-18	ZERO_EXPLICITO
10	DEMO_G_Q	ELS_RARA	PRINCIPAL	-3.27810461287975	11.4285714285714	0.286834153626978	frame=2,bay=3,x_mm=10159.582	2412.4	20.1033333333333	9.48620781645511e-18	ZERO_EXPLICITO
10	DEMO_G_Q	ELS_RARA	SECUNDARIA	-20.1620900418525	14.2857142857143	1.41134630292968	line=9,y_bay=1,x_mm=10666.667,y_mm=2542.6174	2412.4	20.1033333333333	9.48620781645511e-18	ZERO_EXPLICITO
11	DEMO_G_Q	ELS_RARA	COLUNA_X	-0.0245007629976372	7.5	0.00326676839968497	frame=2,column=4	2802.4	23.3533333333333	4.35229817795306e-16	ZERO_EXPLICITO
11	DEMO_G_Q	ELS_RARA	PRINCIPAL	-3.4227368078526	11.4285714285714	0.299489470687102	frame=2,bay=3,x_mm=10147.91	2802.4	23.3533333333333	4.35229817795306e-16	ZERO_EXPLICITO
11	DEMO_G_Q	ELS_RARA	SECUNDARIA	-16.2046601588965	14.2857142857143	1.13432621112276	line=11,y_bay=1,x_mm=10000,y_mm=2563.7623	2802.4	23.3533333333333	4.35229817795306e-16	ZERO_EXPLICITO
12	DEMO_G_Q	ELS_RARA	COLUNA_X	0.0129514456375484	7.5	0.00172685941833978	frame=2,column=1	2393.2	19.9433333333333	2.20934442134887e-16	ZERO_EXPLICITO
12	DEMO_G_Q	ELS_RARA	PRINCIPAL	-2.03285108222099	11.4285714285714	0.177874469694337	frame=2,bay=1,x_mm=1900.1035	2393.2	19.9433333333333	2.20934442134887e-16	ZERO_EXPLICITO
12	DEMO_G_Q	ELS_RARA	SECUNDARIA	-7.24800688584975	9.52380952380952	0.761040723014223	line=2,y_bay=2,x_mm=2000,y_mm=5000	2393.2	19.9433333333333	2.20934442134887e-16	ZERO_EXPLICITO
13	DEMO_G_Q	ELS_RARA	COLUNA_X	0.0154334510809547	7.5	0.00205779347746063	frame=2,column=1	2783.2	23.1933333333333	2.17793121412778e-16	ZERO_EXPLICITO
13	DEMO_G_Q	ELS_RARA	PRINCIPAL	-2.2050506634326	11.4285714285714	0.192941933050353	frame=2,bay=1,x_mm=1840.3907	2783.2	23.1933333333333	2.17793121412778e-16	ZERO_EXPLICITO
13	DEMO_G_Q	ELS_RARA	SECUNDARIA	-5.54378486665715	9.52380952380952	0.582097410999	line=2,y_bay=2,x_mm=1333.3333,y_mm=5000	2783.2	23.1933333333333	2.17793121412778e-16	ZERO_EXPLICITO
14	DEMO_G_Q	ELS_RARA	COLUNA_X	-0.0164749564442378	7.5	0.0021966608592317	frame=2,column=4	3173.2	26.4433333333333	4.29471026819016e-16	ZERO_EXPLICITO
14	DEMO_G_Q	ELS_RARA	PRINCIPAL	-2.30147075731111	11.4285714285714	0.201378691264722	frame=2,bay=1,x_mm=1851.9708	3173.2	26.4433333333333	4.29471026819016e-16	ZERO_EXPLICITO
14	DEMO_G_Q	ELS_RARA	SECUNDARIA	-4.97610048396744	9.52380952380952	0.522490550816581	line=3,y_bay=2,x_mm=2000,y_mm=5000	3173.2	26.4433333333333	4.29471026819016e-16	ZERO_EXPLICITO
15	DEMO_G_Q	ELS_RARA	COLUNA_X	0.0089529058888053	7.5	0.00119372078517404	frame=2,column=1	2399.4	19.995	2.20897370172986e-16	ZERO_EXPLICITO
15	DEMO_G_Q	ELS_RARA	PRINCIPAL	-1.11260545869151	8.57142857142857	0.129803970180676	frame=2,bay=1,x_mm=1440.9655	2399.4	19.995	2.20897370172986e-16	ZERO_EXPLICITO
15	DEMO_G_Q	ELS_RARA	SECUNDARIA	-20.8792681597339	14.2857142857143	1.46154877118137	line=2,y_bay=1,x_mm=1500,y_mm=2514.1334	2399.4	19.995	2.20897370172986e-16	ZERO_EXPLICITO
16	DEMO_G_Q	ELS_RARA	COLUNA_X	-0.0106721600916271	7.5	0.00142295467888362	frame=2,column=5	2919.4	24.3283333333333	2.1669865077821e-16	ZERO_EXPLICITO
16	DEMO_G_Q	ELS_RARA	PRINCIPAL	-1.20497855309091	8.57142857142857	0.140580831193939	frame=2,bay=4,x_mm=10600.213	2919.4	24.3283333333333	2.1669865077821e-16	ZERO_EXPLICITO
16	DEMO_G_Q	ELS_RARA	SECUNDARIA	-14.4628414553712	14.2857142857143	1.01239890187599	line=12,y_bay=1,x_mm=11000,y_mm=2520.5936	2919.4	24.3283333333333	2.1669865077821e-16	ZERO_EXPLICITO
17	DEMO_G_Q	ELS_RARA	COLUNA_X	0.00603309213044204	7.5	0.000804412284058939	frame=2,column=1	2809.2	23.41	2.97443958471834e-18	ZERO_EXPLICITO
17	DEMO_G_Q	ELS_RARA	PRINCIPAL	-0.749164777662816	8.57142857142857	0.0874025573939952	frame=2,bay=1,x_mm=1440.6393	2809.2	23.41	2.97443958471834e-18	ZERO_EXPLICITO
17	DEMO_G_Q	ELS_RARA	SECUNDARIA	-4.70590802566102	9.52380952380952	0.494120342694407	line=2,y_bay=2,x_mm=1500,y_mm=5000	2809.2	23.41	2.97443958471834e-18	ZERO_EXPLICITO
18	DEMO_G_Q	ELS_RARA	COLUNA_X	-0.00717926159898957	7.5	0.000957234879865277	frame=2,column=5	3329.2	27.7433333333333	2.1350008996912e-16	ZERO_EXPLICITO
18	DEMO_G_Q	ELS_RARA	PRINCIPAL	-0.810754561971197	8.57142857142857	0.094588032229973	frame=2,bay=1,x_mm=1399.749	3329.2	27.7433333333333	2.1350008996912e-16	ZERO_EXPLICITO
18	DEMO_G_Q	ELS_RARA	SECUNDARIA	-3.43207373974356	9.52380952380952	0.360367742673074	line=2,y_bay=2,x_mm=1000,y_mm=5000	3329.2	27.7433333333333	2.1350008996912e-16	ZERO_EXPLICITO
